URL,category
https://www.foxnews.com/tech/5-ways-to-a-strong-password-and-better-personal-cybersecurity,Electronics > Computers
https://www.amazon.com/Acer-Display-Graphics-Keyboard-A515-43-R19L/dp/B07RF1XD36,Electronics > Computers
https://www.bestbuy.com/site/hp-23-8-touch-screen-all-in-one-amd-ryzen-5-series-12gb-memory-256gb-ssd-natural-silver/6402516.p?skuId=6402516,Electronics > Computers
https://www.foxnews.com/tech/is-the-ipad-a-miracle-device-for-autism,Electronics > Communications
https://www.amazon.com/Jabra-Speak-Portable-Speaker-Music/dp/B016AH8QHU,Electronics > Communications
https://www.radio-solutions.co.uk/motorola-walkie-talkie-h20-t92-quad-pack.html,Electronics > Communications
https://www.foxnews.com/real-estate/ways-to-revive-tarnished-sterling-silver,Apparel & Accessories > Jewelry
https://www.amazon.com/Nine-West-Silver-Tone-Strand-Necklace/dp/B01BINRRF8,Apparel & Accessories > Jewelry
https://www.macys.com/shop/product/diamond-cut-hoop-earrings-in-14k-gold?ID=2445654&CategoryID=2904,Apparel & Accessories > Jewelry
https://edition.cnn.com/2021/02/14/business/gm-chevrolet-bolt/index.html,Vehicles & Parts > Vehicle Parts & Accessories
https://www.amazon.com/Charger-Ainope-Aluminum-Charging-Compatible/dp/B0795DJXNH,Vehicles & Parts > Vehicle Parts & Accessories
https://www.ebay.com/itm/Auto-Seat-Covers-for-Car-Truck-SUV-Van-Universal-Protectors-Polyester-12-Color/143225157260?epid=10034599764&hash=item2158e2768c:g:XdwAAOSwfiZcvitV&var=442151951150,Vehicles & Parts > Vehicle Parts & Accessories
https://www.foxnews.com/entertainment/keanu-reeves-stars-video-game-cyberpunk-2077,Software > Computer Software
https://www.amazon.com/Kaspersky-Internet-Security-Device-Download/dp/B076D1YSD1,Software > Computer Software
https://www.adorama.com/ab65313066.html,Software > Computer Software
https://edition.cnn.com/2021/02/11/success/save-on-clothes-feseries/index.html,Apparel & Accessories > Clothing
https://www.amazon.com/Hanes-Comfortsoft-T-Shirt-charcoal-heather/dp/B071JYV6K6,Apparel & Accessories > Clothing
https://www2.hm.com/en_gb/productpage.0915362001.html,Apparel & Accessories > Clothing
https://www.nytimes.com/2020/08/07/style/gamer-chair-market-herman-miller.html,Furniture > Chairs
https://www.amazon.com/AKRacing-Brazilian-Backrest-Adjustment-Mechanisms-pc/dp/B07YZRY6V8,Furniture > Chairs
https://www.pamono.eu/rosewood-dining-chairs-by-robert-heritage-for-archie-shine-1950s-set-of-6-5,Furniture > Chairs
https://www.nytimes.com/2021/02/16/books/review/blindfold-a-memoir-of-capture-torture-and-enlightenment-by-theo-padnos-an-excerpt.html,Media > Books
https://www.amazon.com/dp/0385546130/,Media > Books
https://bookshop.org/books/animal-vegetable-junk-a-history-of-food-from-sustainable-to-suicidal-9780358394839/9781328974624?aid=2913&listref=just-one-thing-microhistory-books-and-beyond,Media > Books
https://edition.cnn.com/2020/12/01/americas/deforestation-brazil-amazon-bolsonaro-intl/index.html,Home & Garden > Plants
https://www.amazon.com/Veryhome-Fake-Succulent-Plants-Artificial-Faux-Succulents-4pcs-Plastic-Mini-Potted-Fake-Succulents-Flower-Arrangements/dp/B07DXP3KMG,Home & Garden > Plants
https://www.buzzfeed.com/victoriavouloumanos/best-places-to-buy-live-plants-online,Home & Garden > Plants
https://www.foxnews.com/travel/smart-suitcases-are-being-banned-from-several-airlines-starting-january,Luggage & Bags > Suitcases
https://www.amazon.com/AmazonBasics-Hardshell-Spinner-Luggage-3-Piece/dp/B07BMVZX1F,Luggage & Bags > Suitcases
https://www.buzzfeed.com/natashajokic1/suitcase-traveler-type-quiz,Luggage & Bags > Suitcases
https://www.nytimes.com/2021/01/13/technology/personaltech/smartphone-camera-do-more.html,Cameras & Optics > Cameras
https://www.amazon.com/Canon-PowerShot-Digital-Camera-Optical/dp/B019UDIAI6,Cameras & Optics > Cameras
https://www.flipkart.com/gopro-hero8-black-sports-action-camera/p/itmc22957c908f01,Cameras & Optics > Cameras